demon	d_label	test	start	end	prediction
其实穷也是一种幸福	一种幸福	送礼也是个技术活	22	21	nan
我们公司在搞什么二十周年庆	什么二十周年庆	燃料电池的项目最近没有什么进展	29	34	项目最近没有
我一直放低自己的底线	自己的底线	那个超声喷雾做的是球形的	24	26	雾做的
这就是贫富差距的显现	贫富差距	看样子这个年龄的男人很危险	21	23	这个年
其实穷也是一种幸福	一种幸福	我还有点佩服你师傅这样的人	26	24	nan
我下个月去买车	下个月	我觉得他那个驾校也有问题	18	21	那个驾校
你叫什么名字	什么名字	我四点从单位直接出发	17	11	nan
你问问销售的价格	销售的价格	我在高铁上了	18	21	在高铁上
我这次给了名字的	这次	我对她高中都没什么印象	18	23	中都没什么印
你想多少人	多少人	这个是什么意思	15	18	什么意思
节奏可能跟外企的差不多	外企的	你在那公司里做过吧	19	23	在那公司里
你问问销售的价格	销售的价格	我觉得他那个驾校也有问题	20	24	他那个驾校
社会主义不止一条路	一条路	我知道那个地方	19	20	那个
男人不差在别的地方	别的地方	我跟我同事一起弄她的店	18	27	跟我同事一起弄她的店
你还参加过这种阿	这种	所以我才有其他想法	19	20	其他
你要找天线供应商	天线供应商	那你在群里说说	19	21	在群里
我也正在物色这方面的人才	这方面	我以前唱烛光里的妈妈	20	21	以前
半个月前我姨夫出车祸过世了	半个月	那在这个方面上我们能达成共识	22	26	这个方面上
这就是贫富差距的显现	贫富差距	我以前唱烛光里的妈妈	19	24	以前唱烛光里
你在哪个医院	哪个医院	他们报了什么兴趣班	18	14	nan
我有个重要问题那里有没有厕所	个重要问题	我们公司在搞什么二十周年庆	31	34	二十周年
一个人也够无聊的	一个	我昨天走了一个半小时	19	20	一个
那你喜欢什么样的	什么样的	这个得往单位发	16	21	这个得往单位
土地基金增强特区财政储备	特区财政储备	我们每个人买了一个新秀丽的箱子	24	23	nan
我准备了好长时间嗯	好长	常规的一些团都会去	18	19	一些
我一直但是这个事情	这个事情	我们公司在搞什么二十周年庆	25	28	二十周年
你可以查查你们那边的	你们那边的	这个领导可能有领导的想法吧	19	27	这个领导可能有领导
这恰恰说明了应试教育的好处	应试教育的好处	那你在群里说说	26	28	在群里
半个月前我姨夫出车祸过世了	半个月	你在那公司里做过吧	22	25	那公司里
我明天有健步走活动	健步走活动	你该找个妹子了	20	23	找个妹子
利民经常干这种事情的	这种事情	我一直放低自己的底线	23	25	自己的
原来账户的钱不够了	原来账户	女状元的爸爸谈教育	11	19	原来账户。[SEP]女状元
你入市了几多钱	几多钱	我有同学在这儿	16	20	同学在这儿
她是个行政的主任	个行政的主任	我们还不是可以自己活	25	26	自己
我是说手机信息	手机信息	关键是他的英语水平跟我一样	24	18	nan
我是你同学	你同学	我们还不是可以自己活	19	20	自己
你啥时来	啥时	我没见过她老公	6	10	啥时。[SEP]我
文科基本上生活中有点用	生活中	他从楼上摔下来生死未卜我很难过	19	21	从楼上
你的光环是你自己的	你自己的	所以我才有其他想法	22	21	nan
你的光环是你自己的	你自己的	我们住哪个酒店	20	23	哪个酒店
每天往返路程需要多长时间	多长	他是换全新的	22	23	新的
大雪在圣诞的时候	圣诞的时候	我有同学在这儿	19	18	nan
你要找天线供应商	天线供应商	那你还要寄送什么推荐信	17	27	那你还要寄送什么推荐信
社会主义不止一条路	一条路	我们公司在搞什么二十周年庆	24	27	二十周年
她通常早上很早起来回复邮件	很早	结果我妈不停的催我	20	25	果我妈不停的
目录没什么要求把	什么要求	我五点后空的	10	21	什么要求。[SEP]我五点后空的
这就是贫富差距的显现	贫富差距的显现	老板应该是想你们回来	21	28	老板应该是想你们
于是我更加关注这支球队	这支	我昨天走了一个半小时	22	19	nan
我周日晚上走	周日晚上	她是个行政的主任	21	19	nan
我们住哪个酒店	哪个酒店	这是我的微博	15	18	这是我的
我下个月去买车	下个月	那你俩照什么主题	18	20	什么主
土地基金增强特区财政储备	特区财政储备	关键是他的英语水平跟我一样	25	26	他的
他不管这些子事	这些子事	那说明驱动没装好	15	16	那说
你的光环是你自己的	你自己的	你要给我客人的护照号码和名字	20	30	我客人的护照号码和名字
你这周先别去	这周	燃料电池的项目最近没有什么进展	17	22	项目最近没有
那你还是打印电子版的吧	电子版的	这个交通标识是什么意思	26	29	什么意思
你叫什么名字	什么名字	我一直放低自己的底线	19	21	自己的
我也正在物色这方面的人才	这方面的人才	这个男孩有些意向	22	26	这个男孩有
社会主义不止一条路	一条路	她对你们都很熟悉的	17	18	对你
你手里的钱应该够了吧	你手	你在那公司里做过吧	18	21	那公司里
我们做弱电系统	弱电系统	我五点后空的	18	20	后空的
你肯定是一个好爸爸	一个好爸爸	于是我更加关注这支球队	25	26	这支
你这周先别去	这周	只是人确实在某个时间段会很脆弱	18	21	某个时间
她天天做你的	你的	你是什么时候来	14	17	什么时候
你不在一早上了	一早上	这个是小影院	14	15	这个
按照银行报表的销售额可以	银行报表	看样子这个年龄的男人很危险	25	25	年
我们住哪个酒店	哪个酒店	这个领导可能有领导的想法吧	15	18	这个领导
土地基金增强特区财政储备	特区财政储备	你可以查查你们那边的	29	28	nan
他是换全新的	全新的	这个领导可能有领导的想法吧	13	16	这个领导
我在高铁上了	高铁上	你在那公司里做过吧	15	18	那公司里
徒弟只能做到这个程度	这个程度	你看俺弟黑的	19	21	看俺弟
社会主义不止一条路	一条路	大雪在圣诞的时候	16	23	大雪在圣诞的时候
你这周先别去	这周	这样的说法也震动了我们那个政府	23	22	nan
我没见过她老公	她老公	那说明驱动没装好	14	15	那说
我在高铁上了	高铁上	双方都不会放在心里	20	21	心里
灵感来自我师母	我师母	我也正在物色这方面的人才	20	21	这方
你可以查查你们那边的	你们那边	看样子这个年龄的男人很危险	21	23	这个年
现在我只加了电子病历的	电子病历	对转基因的议论真的很多	19	22	对转基因
我买了挺多肉丸的	挺多	他是换全新的	18	19	新的
一个孩子长大怎么这么难	一个	新一轮的政治斗争又将开始	18	20	一轮的
我发现你每天很有点无聊列	每天	下次他什么时候来	18	24	下次他什么时候
下次他什么时候来	什么时候	我们每个人买了一个新秀丽的箱子	23	30	一个新秀丽的箱子
他不管这些子事	这些子事	那你在群里说说	17	19	在群里
我没见过她老公	她老公	我们每个人买了一个新秀丽的箱子	21	28	一个新秀丽的箱子
龙猫属于夜行动物	夜行动物	我们住哪个酒店	19	20	哪个
我基本每周都不走	每周	那你还要寄送什么推荐信	14	24	那你还要寄送什么推荐信
节奏可能跟外企的差不多	外企的	那在这个方面上我们能达成共识	25	26	我们
那你还是打印电子版的吧	电子版的	大雪在圣诞的时候	20	26	雪在圣诞的时候
他们报了什么兴趣班	什么兴趣班	送礼也是个技术活	23	22	nan
那你还是打印电子版的吧	电子版的	利民经常干这种事情的	24	25	这种
我买了这件	这件	他不管这些子事	14	16	这些子
我们局里好几个单身一起去玩玩	好几个	我昨天走了一个半小时	26	27	一个
这个是什么意思	什么意思	你可以去其他地方测试一下	19	20	其他
男女主角叫啥	男女	他是换全新的	16	17	新的
我准备了好长时间嗯	好长	他是换全新的	18	20	全新的
灵感来自我师母	我师母	你在哪个医院	16	19	哪个医院
我买了挺多肉丸的	挺多	这样的说法也震动了我们那个政府	25	24	nan
你可以查查你们那边的	你们那边	对转基因的议论真的很多	18	21	对转基因
我在高铁上了	高铁上	他从楼上摔下来生死未卜我很难过	14	16	从楼上
这游戏的价值比太低了	这游戏	我也正在物色这方面的人才	20	21	在物
你要找天线供应商	天线供应商	我从心里喜欢孩子的真	18	20	从心里
我有个重要问题那里有没有厕所	个重要问题	女人对自己好点	26	27	自己
你就给她发一条吧里还说清楚	一条	其实穷也是一种幸福	19	25	其实穷也是一种
社会主义不止一条路	一条路	我四点从单位直接出发	19	21	从单位
这恰恰说明了应试教育的好处	应试教育的好处	我在高铁上了	25	28	在高铁上
我五点后空的	五点后	行李放在车上	17	18	车上
下午点的就可以	下午点	我也正在物色这方面的人才	20	21	这方
灵感来自我师母	我师母	每天往返路程需要多长时间	18	25	路程需要多长时间
灵感来自我师母	我师母	那你喜欢什么样的	18	21	什么样的
我是说手机信息	手机信息	她在跟她老公打电话	17	23	跟她老公打电话
一个孩子长大怎么这么难	一个	我昨天走了一个半小时	22	23	一个
那你喜欢什么样的	什么样的	我周六凌晨的飞机	20	21	晨的
你肯定是一个好爸爸	一个好爸爸	思八达是不是离你家很近	26	18	nan
大雪在圣诞的时候	圣诞的时候	那你俩照什么主题	21	18	nan
我们局里好几个单身一起去玩玩	我们局里	我以前唱烛光里的妈妈	23	28	以前唱烛光里
下午点的就可以	下午点	看样子这个年龄的男人很危险	17	19	这个年
你还参加过这种阿	这种	只是人确实在某个时间段会很脆弱	19	23	在某个时间
我在高铁上了	高铁上	我妈在家里做也很受欢迎	20	17	nan
每天往返路程需要多长时间	多长时间	我昨天走了一个半小时	21	22	昨天
我也正在物色这方面的人才	这方面	你手里的钱应该够了吧	20	21	手里
她天天做你的	你的	女人对自己好点	15	9	nan
那你还要寄送什么推荐信	什么推荐信	我们每个人买了一个新秀丽的箱子	27	34	一个新秀丽的箱子
我周日晚上走	周日晚上	我还得赶点东西	19	11	nan
我们做弱电系统	弱电系统	节奏可能跟外企的差不多	19	22	跟外企的
她在跟她老公打电话	她老公	你在那公司里做过吧	18	21	那公司里
其实穷也是一种幸福	一种幸福	然后你把钱打到我的支付宝	24	25	我的
你看社区地图	社区地图	我知道那个地方	17	20	那个地方
燃料电池的项目最近没有什么进展	什么进展	龙猫属于夜行动物	25	30	属于夜行动物
化妆品可能占点空间会	点空间	你在哪个医院	19	20	哪个
我也正在物色这方面的人才	这方面	原来账户的钱不够了	19	23	原来账户的
我是你同学	你同学	这个交通标识是什么意思	19	22	什么意思
提前批好像是公安之类的	公安之类	对转基因的议论真的很多	19	22	对转基因
我们局里好几个单身一起去玩玩	我们局里	你手里的钱应该够了吧	22	24	你手里
我们公司在搞什么二十周年庆	什么二十周年庆	老板应该是想你们回来	24	30	老板应该是想你
我不知道上次你看了群聊记录没	群聊记录	每天往返路程需要多长时间	22	33	每天往返路程需要多长时间
这个是小影院	小影院	你在那公司里做过吧	15	18	那公司里
这是一这是原则问题	原则问题	你啥米专业	18	19	啥米
这游戏的价值比太低了	这游戏	原来账户的钱不够了	17	21	原来账户的
燃料电池的项目最近没有什么进展	什么进展	你说他家有什么	25	27	他家有
他们住一楼	一楼	我买了挺多肉丸的	14	18	挺多肉丸的
只是人确实在某个时间段会很脆弱	某个时间段	她在跟她老公打电话	26	27	跟她
那小子赚了不少钱	不少钱	那个超声喷雾做的是球形的	20	26	雾做的是球形的
按照银行报表的销售额可以	银行报表	我以前唱烛光里的妈妈	21	26	以前唱烛光里
化妆品可能占点空间会	点空间	那你还要寄送什么推荐信	17	27	那你还要寄送什么推荐信
你可以查查你们那边的	你们那边	女状元的爸爸谈教育	22	21	nan
我们局里好几个单身一起去玩玩	我们局	那在这个方面上我们能达成共识	21	27	那在这个方面上
我上个月去找他了	上个月	目录没什么要求把	18	18	什
我准备了好长时间嗯	好长	这样的说法也震动了我们那个政府	26	25	nan
他是纯爷们	纯爷们	那你俩照什么主题	16	18	什么主
其实穷也是一种幸福	一种	新一轮的政治斗争又将开始	16	18	一轮的
那小子赚了不少钱	不少钱	她是个行政的主任	19	20	政的
目录没什么要求把	什么要求	你和我哥差不多大	17	19	和我哥
那你请啥假	啥假	附近有个民生银行	11	13	附近有
我们按这个标准交	这个标准	你家里比我家里可能性大些列	19	22	比我家里
龙猫属于夜行动物	夜行动物	于是我更加关注这支球队	22	24	注这支
我还得赶点东西	点东西	这个男孩有些意向	14	18	这个男孩有
这就是贫富差距的显现	贫富差距	我也正在物色这方面的人才	24	28	这方面的人
利民经常干这种事情的	这种事情	提前批好像是公安之类的	20	19	nan
我也正在物色这方面的人才	这方面的人才	你看这个有没好点	24	26	这个有
我们是泡沫的	泡沫的	你是什么时候来	15	18	什么时候
你在哪个医院	哪个医院	目录没什么要求把	17	21	什么要求把
我知道那个地方	那个地方	我是你同学	18	19	同学
男人不差在别的地方	别的地方	她在跟她老公打电话	19	25	跟她老公打电话
我这次给了名字的	这次	下次他什么时候来	17	20	什么时候
肥肉妹这把赚大了	这把	我们按这个标准交	17	18	这个
你往我家打电话了	我家	那是因为你自己这样觉得	19	18	nan
只是人确实在某个时间段会很脆弱	某个时间段	节奏可能跟外企的差不多	28	34	跟外企的差不多
我周六凌晨的飞机	周六凌晨	文档里的是外置的吧	21	23	外置的
我周日晚上走	周日晚上	我有个重要问题那里有没有厕所	27	22	nan
我昨天走了一个半小时	一个半小时	海边离火车站很远	25	24	nan
我这次给了名字的	这次	目录没什么要求把	17	21	什么要求把
我明天有健步走活动	健步走活动	节奏可能跟外企的差不多	22	25	跟外企的
你这几年过得好不饿	这几年	这个交通标识是什么意思	16	26	这个交通标识是什么意思
我不太好去她家做菜	她家	那你还要寄送什么推荐信	21	25	什么推荐信
现在我只加了电子病历的	电子病历	文档里的是外置的吧	20	21	档里
于是我更加关注这支球队	这支球队	目录没什么要求把	22	26	什么要求把
我们每个人买了一个新秀丽的箱子	一个新秀丽的箱子	我五点后空的	28	32	五点后空的
我周六凌晨的飞机	周六凌晨	我也正在物色这方面的人才	22	25	这方面的
女状元的爸爸谈教育	女状元	文档里的是外置的吧	17	23	档里的是外置的
我买了挺多肉丸的	挺多	常规的一些团都会去	17	18	一些
我知道那个地方	那个地方	你不在一早上了	18	20	一早上
送礼也是个技术活	个技术活	我从心里喜欢孩子的真	17	19	从心里
我基本每周都不走	每周	这样的说法也震动了我们那个政府	25	24	nan
我们做弱电系统	弱电系统	于是我更加关注这支球队	21	23	注这支
忠厚保持到生命最后一刻	生命最后一刻	我们是泡沫的	25	26	沫的
我哪有什么关系	什么关系	我还得赶点东西	20	15	nan
我周六凌晨的飞机	周六凌晨	女状元的爸爸谈教育	20	19	nan
你可以查查你们那边的	你们那边的	只是人确实在某个时间段会很脆弱	25	28	某个时间
其实穷也是一种幸福	一种幸福	这是我的微博	17	20	这是我的
你想多少人	多少人	我要跟家长说说	14	17	跟家长说
原来账户的钱不够了	原来账户	对转基因的议论真的很多	17	20	对转基因
我周日晚上走	周日晚上	他通过电视认识我的	17	22	电视认识我的
我一直但是这个事情	这个事情	你看俺弟黑的	18	22	看俺弟黑的
这就是贫富差距的显现	贫富差距的显现	我爱人办完事会跟你们联系	28	30	跟你们
我买了这件	这件	我知道那个地方	14	15	那个
我们是泡沫的	泡沫的	徒弟只能做到这个程度	19	20	这个
你是什么时候来	什么时候	你该找个妹子了	17	20	找个妹子
燃料电池的项目最近没有什么进展	什么进展	这就是贫富差距的显现	24	30	就是贫富差距的
我昨天走了一个半小时	一个半小时	他是纯爷们	21	23	纯爷们
提前批好像是公安之类的	公安之类的	徒弟只能做到这个程度	26	27	这个
按照银行报表的销售额可以	银行报表的销售额	那是因为你自己这样觉得	27	26	nan
这是一这是原则问题	原则问题	这样的说法也震动了我们那个政府	17	27	这样的说法也震动了我们
这个要熊猫的那个	熊猫的那个	这恰恰说明了应试教育的好处	17	20	这恰恰说
我住的不远校车很快到了	很快	结果我妈不停的催我	25	23	nan
我没见过她老公	她老公	你在那公司里做过吧	16	19	那公司里
这是你才华的发动机	你才华的发动机	那你还要寄送什么推荐信	26	30	什么推荐信
龙猫属于夜行动物	夜行动物	这个男孩有些意向	16	20	这个男孩有
她在跟她老公打电话	她老公	男人不差在别的地方	20	22	在别的
我一直放低自己的底线	自己的底线	你看俺弟黑的	20	24	看俺弟黑的
你还参加过这种阿	这种	徒弟只能做到这个程度	20	21	这个
我买了这件	这件	这个是什么意思	14	17	什么意思
你叫什么名字	什么名字	我们公司在搞什么二十周年庆	22	25	二十周年
你在那公司里做过吧	那公司	我们局里好几个单身一起去玩玩	21	26	几个单身一起
你叫什么名字	什么名字	我还得赶点东西	19	11	nan
这个要熊猫的那个	熊猫的那个	其他都是园林类的	17	18	其他
同质化竞争到底坑了谁的爹	谁的爹	到时候我给你们打电话	24	25	你们
他是换全新的	全新的	你看这个有没好点	15	17	这个有
大雪在圣诞的时候	圣诞的时候	我一直放低自己的底线	22	24	自己的
灵感来自我师母	我师母	我要跟家长说说	16	19	跟家长说
土地基金增强特区财政储备	特区财政储备	所以我才有其他想法	27	28	其他
我周六凌晨的飞机	周六凌晨	你手里的钱应该够了吧	20	19	nan
她在跟她老公打电话	她老公	节奏可能跟外企的差不多	20	21	跟外
于是我更加关注这支球队	这支球队	你那边现在几点	20	21	那边
我们是泡沫的	泡沫的	我们还不是可以自己活	20	21	自己
我明天有健步走活动	健步走活动	我哪有什么关系	21	24	什么关系
毒狗的分身有持续时间么	持续时间	关键是税务能否动	26	21	nan
我一直放低自己的底线	自己的底线	他是纯爷们	19	23	他是纯爷们
你叫什么名字	什么名字	每天往返路程需要多长时间	14	25	每天往返路程需要多长时间
你可以去其他地方测试一下	其他地方	我还得赶点东西	25	20	nan
目录没什么要求把	什么要求	再说你很多群友学生	19	22	很多群友
社会主义不止一条路	一条路	文科基本上生活中有点用	23	20	nan
你可以查查你们那边的	你们那边的	我也不知道他们的投诉电话	24	25	他们
我在高铁上了	高铁上	我就在你面前倚老卖老一次吧	20	18	nan
你可以查查你们那边的	你们那边的	你是什么时候来	21	24	什么时候
我没见过她老公	她老公	你可以查查你们那边的	21	20	nan
忠厚保持到生命最后一刻	生命最后一刻	我五点后空的	22	26	五点后空的
我们是泡沫的	泡沫的	我们每个人买了一个新秀丽的箱子	20	21	一个
我有个重要问题那里有没有厕所	个重要问题	计画不如变化快	26	27	如变
她通常早上很早起来回复邮件	很早	女儿还没吞他又凶凶地硬塞	24	24	他
你啥时来	啥时	那是因为你自己这样觉得	17	12	nan
化妆品可能占点空间会	点空间	我以前唱烛光里的妈妈	18	19	以前
社会主义不止一条路	一条	我昨天走了一个半小时	20	21	一个
我昨天走了一个半小时	一个半小时	我一直放低自己的底线	24	26	自己的
土地基金增强特区财政储备	特区财政储备	这个男孩有些意向	22	26	这个男孩有
你还参加过这种阿	这种	燃料电池的项目最近没有什么进展	19	24	项目最近没有
节奏可能跟外企的差不多	外企的	我们按这个标准交	20	22	按这个
你这周先别去	这周	我们公司在搞什么二十周年庆	20	22	二十周
我也正在物色这方面的人才	这方面的人才	我昨天走了一个半小时	27	24	nan
这个是小影院	小影院	利民经常干这种事情的	18	19	这种
那小子赚了不少钱	不少钱	明天祥惜他也和我们一起看房子	21	23	和我们
那我明天早上跟她说吧	明天早上	我五点后空的	19	23	五点后空的
我住的不远校车很快到了	很快	女儿还没吞他又凶凶地硬塞	22	28	他又凶凶地硬塞
现在我只加了电子病历的	电子病历的	我们按这个标准交	22	21	nan
你可以查查你们那边的	你们那边	文档里的是外置的吧	14	21	那边。[SEP]文档里的
我准备了好长时间嗯	好长时间	我以前唱烛光里的妈妈	18	19	以前
龙猫属于夜行动物	夜行动物	她在跟她老公打电话	18	21	跟她老公
下午点的就可以	下午点	文档里的是外置的吧	19	21	外置的
那你请啥假	啥假	这样的说法也震动了我们那个政府	22	21	nan
提前批好像是公安之类的	公安之类	这游戏的价值比太低了	19	22	这游戏的
男女主角叫啥	男女	这样的说法也震动了我们那个政府	23	22	nan
他是知青子女正在读博士	知青子女	我准备了好长时间嗯	27	26	nan
我是说手机信息	手机信息	我也不知道他们的投诉电话	20	21	他们
男人不差在别的地方	别的地方	你在那公司里做过吧	19	22	那公司里
于是我更加关注这支球队	这支	新一轮的政治斗争又将开始	18	19	一轮
丫头去了好几次	好几次	我现在一身汗	17	19	一身汗
丫头去了好几次	好几次	你想多少人	18	16	nan
你不在一早上了	一早上	你啥米专业	15	11	nan
那你还是打印电子版的吧	电子版的	我从心里喜欢孩子的真	20	22	从心里
你要找天线供应商	天线供应商	只是个人没什么好处	22	19	nan
他不管这些子事	这些子事	这是你才华的发动机	22	20	nan
那你还要寄送什么推荐信	什么推荐信	关键是学校的成绩单不好印	13	24	什么推荐信。[SEP]关键是学校
你这周先别去	这周	我哪有什么关系	15	18	什么关系
我还有点佩服你师傅这样的人	你师傅这样的人	这恰恰说明了应试教育的好处	24	27	这恰恰说
你叫什么名字	什么名字	只是人确实在某个时间段会很脆弱	20	23	某个时间
送礼也是个技术活	个技术活	我还得赶点东西	21	16	nan
每天往返路程需要多长时间	多长	这样的说法也震动了我们那个政府	18	28	这样的说法也震动了我们
提前批好像是公安之类的	公安之类	看样子这个年龄的男人很危险	22	24	这个年
我周六凌晨的飞机	周六凌晨	我以前唱烛光里的妈妈	17	23	以前唱烛光里的
每天往返路程需要多长时间	多长	常规的一些团都会去	21	22	一些
你就给她发一条吧里还说清楚	一条	那小子赚了不少钱	19	21	那小子
那你俩照什么主题	什么主题	我知道那个地方	19	20	那个
现在我只加了电子病历的	电子病历	这游戏的价值比太低了	19	22	这游戏的
我一直放低自己的底线	自己的底线	我知道莫路送卡了	24	19	nan
我发现你每天很有点无聊列	每天	徒弟只能做到这个程度	24	25	这个
目录没什么要求把	什么要求	我一直放低自己的底线	21	23	自己的
我们每个人买了一个新秀丽的箱子	一个	新一轮的政治斗争又将开始	22	24	一轮的
我在高铁上了	高铁上	我以前唱烛光里的妈妈	14	19	以前唱烛光里
我准备了好长时间嗯	好长时间	于是我更加关注这支球队	24	25	这支
这是你才华的发动机	你才华的发动机	我从心里喜欢孩子的真	21	23	从心里
我周六凌晨的飞机	周六凌晨	对转基因的议论真的很多	16	19	对转基因
丫头去了好几次	好几次	你机票多少钱	19	16	nan
之前的一个硕士博士都留院了	一个	新一轮的政治斗争又将开始	20	21	一轮
他们住一楼	一楼	你在哪个医院	12	14	在哪个
只是个人没什么好处	什么好处	我没见过她老公	22	17	nan
丫头去了好几次	好几次	社会主义不止一条路	21	21	条
那在这个方面上我们能达成共识	这个方面	你在那公司里做过吧	24	27	那公司里
我买了挺多肉丸的	挺多肉丸	这个要熊猫的那个	22	21	nan
你往我家打电话了	我家	按照银行报表的销售额可以	23	19	nan
我们住哪个酒店	哪个酒店	谁只有小腿高	18	19	小腿
我们做弱电系统	弱电系统	你说他家有什么	20	19	nan
她天天做你的	你的	老板应该是想你们回来	18	19	你们
他们住一楼	一楼	关键是他的英语水平跟我一样	20	21	跟我
我是说手机信息	手机信息	这是你才华的发动机	22	20	nan
你还参加过这种阿	这种	俺弟一结婚我就没什么事了	16	19	一结婚我
我也正在物色这方面的人才	这方面的人才	你在哪个医院	24	25	哪个
我这次给了名字的	这次	只是人确实在某个时间段会很脆弱	20	23	某个时间
他们住一楼	一楼	女人对自己好点	14	16	自己好
这个交通标识是什么意思	什么意思	这个男孩有些意向	19	23	这个男孩有
毒狗的分身有持续时间么	持续时间	那你喜欢什么样的	23	26	什么样的
我上个月去找他了	上个月	每天往返路程需要多长时间	19	26	路程需要多长时间
这个交通标识是什么意思	什么意思	那说明驱动没装好	19	20	那说
毒狗的分身有持续时间么	持续时间	你在网上看	20	22	在网上
你叫什么名字	什么名字	海边离火车站很远	20	11	nan
利民经常干这种事情的	这种事情	我准备了好长时间嗯	26	25	nan
我在高铁上了	高铁上	行李放在车上	16	18	在车上
你还参加过这种阿	这种	我哪有什么关系	17	20	什么关系
你要找天线供应商	天线供应商	灵感来自我师母	20	22	自我师
你要找天线供应商	天线供应商	关键是税务能否动	24	10	nan
正好我现在一个同事有点心得	一个	新一轮的政治斗争又将开始	20	21	一轮
大雪在圣诞的时候	圣诞的时候	那说明驱动没装好	17	18	那说
现在我只加了电子病历的	电子病历的	他们报了什么兴趣班	20	21	他们
我五点后空的	五点后	我以前唱烛光里的妈妈	18	19	光里
你问问销售的价格	销售的价格	灵感来自我师母	20	22	自我师
利民经常干这种事情的	这种事情	于是我更加关注这支球队	25	26	这支
你问问销售的价格	销售的价格	龙猫属于夜行动物	19	24	属于夜行动物
其实穷也是一种幸福	一种	我昨天走了一个半小时	20	21	一个
半个月前我姨夫出车祸过世了	半个	我昨天走了一个半小时	24	25	一个
半个月前我姨夫出车祸过世了	半个月	我们局里好几个单身一起去玩玩	25	26	几个
我周四晚火车	周四晚	我们按这个标准交	16	17	这个
我是说手机信息	手机信息	那是因为你自己这样觉得	20	19	nan
这个是小影院	小影院	我还得赶点东西	18	2	nan
我也正在物色这方面的人才	这方面	这游戏的价值比太低了	19	22	这游戏的
我都是用网络硬盘的	网络硬盘	你问问销售的价格	20	21	销售
其实穷也是一种幸福	一种幸福	正好我现在一个同事有点心得	20	26	现在一个同事有
按照银行报表的销售额可以	银行报表	文档里的是外置的吧	10	23	额可以。银行报表。[SEP]文档里的
他是换全新的	全新的	你不在一早上了	16	18	一早上
他是换全新的	全新的	下次他什么时候来	16	19	什么时候
你看社区地图	社区地图	这是我的微博	14	17	这是我的
我现在一身汗	一身	新一轮的政治斗争又将开始	13	15	一轮的
这是一这是原则问题	原则问题	我昨天走了一个半小时	22	23	一个
我昨天走了一个半小时	一个半小时	我们住哪个酒店	22	23	哪个
附近有个民生银行	个民生银行	这个领导可能有领导的想法吧	17	20	这个领导
我们局里好几个单身一起去玩玩	好几个	新一轮的政治斗争又将开始	22	24	一轮的
社会主义不止一条路	一条	新一轮的政治斗争又将开始	16	18	一轮的
你这几年过得好不饿	这几年	所以我才有其他想法	16	22	所以我才有其他
他是纯爷们	纯爷们	我周六凌晨的飞机	16	13	nan
你这周先别去	这周	利民经常干这种事情的	17	18	这种
只是人确实在某个时间段会很脆弱	某个时间段	我们按这个标准交	27	28	这个
这是我的微博	我的微博	到时候我给你们打电话	22	23	电话
我准备了好长时间嗯	好长时间	忠厚保持到生命最后一刻	26	27	一刻
你这周先别去	这周	我下个月去买车	13	14	下个
你不在一早上了	一早上	你在那公司里做过吧	16	19	那公司里
你啥时来	啥时	大雪在圣诞的时候	12	17	在圣诞的时候
你叫什么名字	什么名字	我们住哪个酒店	17	11	nan
男女主角叫啥	男女	常规的一些团都会去	15	16	一些
只是人确实在某个时间段会很脆弱	某个时间段	男人不差在别的地方	25	28	人不差在
一个人也够无聊的	一个	新一轮的政治斗争又将开始	15	16	一轮
你入市了几多钱	几多钱	我还得赶点东西	20	18	nan
肥肉妹这把赚大了	这把	只是人确实在某个时间段会很脆弱	19	23	在某个时间
目录没什么要求把	什么要求	到时候我给你们打电话	24	18	nan
你手里的钱应该够了吧	你手	那在这个方面上我们能达成共识	23	22	nan
目录没什么要求把	什么要求	这个要熊猫的那个	22	23	那个
我以前唱烛光里的妈妈	烛光里的妈妈	我还得赶点东西	25	21	nan
你要给我客人的护照号码和名字	客人的护照号码和名字	你啥米专业	29	25	nan
我基本每周都不走	每周	下次他什么时候来	17	20	什么时候
文科基本上生活中有点用	点用	我一直放低自己的底线	22	24	自己的
丫头去了好几次	好几次	我们公司在搞什么二十周年庆	22	25	二十周年
一个人在家么	一个	我昨天走了一个半小时	17	18	一个
你可以查查你们那边的	你们那边	原来账户的钱不够了	18	22	原来账户的
这个是什么意思	什么意思	这个是小影院	15	16	这个
毒狗的分身有持续时间么	持续时间	我以前唱烛光里的妈妈	20	25	以前唱烛光里
这个男孩有些意向	些意向	我还得赶点东西	20	2	nan
我也正在物色这方面的人才	这方面	看样子这个年龄的男人很危险	22	24	这个年
我明天有健步走活动	健步走活动	你要给我客人的护照号码和名字	20	31	给我客人的护照号码和名字
其实穷也是一种幸福	一种幸福	我还是坐周晨那儿	22	21	nan
我都是用网络硬盘的	网络硬盘	海边离火车站很远	19	22	离火车站
我们住哪个酒店	哪个酒店	你在网上看	16	18	在网上
我周六凌晨的飞机	周六凌晨	看样子这个年龄的男人很危险	26	21	nan
丫头去了好几次	好几次	我昨天走了一个半小时	19	20	一个
我是说手机信息	手机信息	我还是坐周晨那儿	21	19	nan
你往我家打电话了	我家	男人不差在别的地方	18	20	在别的
我发现你每天很有点无聊列	每天	我对她高中都没什么印象	19	27	对她高中都没什么印
然后你把钱打到我的支付宝	我的支付宝	我们住哪个酒店	24	25	哪个
那你还要寄送什么推荐信	什么推荐信	我有同学在这儿	25	26	这儿
她在跟她老公打电话	她老公	我们按这个标准交	19	21	这个标
你看社区地图	社区地图	她是个行政的主任	18	19	政的
我上个月去找他了	上个月	我们按这个标准交	18	19	这个
她是个行政的主任	个行政的主任	我其实很想他们说服我	19	23	其实很想他
你在哪个医院	哪个医院	其他都是园林类的	14	15	其他
下午点的就可以	下午点	我以前唱烛光里的妈妈	15	21	以前唱烛光里的
我都是用网络硬盘的	网络硬盘	机会是你自己错失滴	21	21	自
小弟弟最可怜才一个月	一个	我昨天走了一个半小时	21	22	一个
下午点的就可以	下午点	你手里的钱应该够了吧	18	17	nan
你肯定是一个好爸爸	一个	新一轮的政治斗争又将开始	16	18	一轮的
你要找天线供应商	天线供应商	我爱人办完事会跟你们联系	24	26	跟你们
目录没什么要求把	什么要求	我还得赶点东西	21	16	nan
他不管这些子事	这些子事	我们住哪个酒店	18	21	哪个酒店
你看社区地图	社区地图	我们住哪个酒店	17	20	哪个酒店
同质化竞争到底坑了谁的爹	谁的爹	全家除了鸡蛋基本都吃素了	20	26	家除了鸡蛋基本
我有个重要问题那里有没有厕所	个重要问题	我昨天走了一个半小时	24	25	昨天
这个领导可能有领导的想法吧	领导的想法	现在早教比大学贵	22	28	现在早教比大学
社会主义不止一条路	一条路	你看这个有没好点	18	20	这个有
他们住一楼	一楼	我准备了好长时间嗯	19	18	nan
我周六凌晨的飞机	周六凌晨	原来账户的钱不够了	16	20	原来账户的
我不太好去她家做菜	她家	谁只有小腿高	18	19	小腿
我们局里好几个单身一起去玩玩	我们局里	文档里的是外置的吧	22	24	文档里
我也正在物色这方面的人才	这方面	女状元的爸爸谈教育	20	21	状元
男人不差在别的地方	别的地方	只是人确实在某个时间段会很脆弱	22	26	在某个时间
原来账户的钱不够了	原来账户	你手里的钱应该够了吧	17	19	你手里
这个交通标识是什么意思	什么意思	那你喜欢什么样的	23	26	什么样的
我还是坐周晨那儿	周晨那儿	明天祥惜他也和我们一起看房子	20	24	他也和我们
现在我只加了电子病历的	电子病历的	我准备了好长时间嗯	28	27	nan
利民经常干这种事情的	这种事情	这个领导可能有领导的想法吧	18	21	这个领导
送礼也是个技术活	个技术活	那你还要寄送什么推荐信	22	26	什么推荐信
他是换全新的	全新的	她是个行政的主任	17	18	政的
我周六凌晨的飞机	周六凌晨	这游戏的价值比太低了	18	19	戏的
你要找天线供应商	天线供应商	其实穷也是一种幸福	17	23	其实穷也是一种
你叫什么名字	什么名字	附近有个民生银行	20	11	nan
肥肉妹这把赚大了	这把	那你俩照什么主题	18	20	什么主
你家里比我家里可能性大些列	我家里	那是因为你自己这样觉得	25	24	nan
我也不知道他们的投诉电话	他们的投诉电话	燃料电池的项目最近没有什么进展	28	33	项目最近没有
附近有个民生银行	个民生银行	然后你把钱打到我的支付宝	24	26	我的支
利民经常干这种事情的	这种事情	全家除了鸡蛋基本都吃素了	18	13	nan
每天往返路程需要多长时间	多长时间	男人不差在别的地方	24	28	在别的地方
他是换全新的	全新的	这样的说法也震动了我们那个政府	13	23	这样的说法也震动了我们
你在哪个医院	哪个医院	每天往返路程需要多长时间	14	25	每天往返路程需要多长时间
目录没什么要求把	什么要求	这个得往单位发	16	21	这个得往单位
这个要熊猫的那个	熊猫的那个	你在那公司里做过吧	19	22	那公司里
思八达是不是离你家很近	你家	节奏可能跟外企的差不多	21	22	跟外
你肯定是一个好爸爸	一个	我昨天走了一个半小时	20	21	一个
我也正在物色这方面的人才	这方面	对转基因的议论真的很多	19	22	对转基因
龙猫属于夜行动物	夜行动物	我周六凌晨的飞机	20	21	晨的
土地基金增强特区财政储备	特区财政储备	这个是什么意思	25	28	什么意思
燃料电池的项目最近没有什么进展	什么进展	这个领导可能有领导的想法吧	25	31	领导可能有领导
男人不差在别的地方	别的地方	节奏可能跟外企的差不多	21	22	跟外
这个要熊猫的那个	熊猫的那个	那是因为你自己这样觉得	22	19	nan
徒弟只能做到这个程度	这个程度	你不在一早上了	21	23	一早上
我五点后空的	五点后	他从楼上摔下来生死未卜我很难过	14	16	从楼上
你可以查查你们那边的	你们那边	我也正在物色这方面的人才	24	27	这方面的
男人不差在别的地方	别的地方	按照银行报表的销售额可以	26	21	nan
俺弟一结婚我就没什么事了	什么事	我五点后空的	14	24	什么事。[SEP]我五点后空的
看样子这个年龄的男人很危险	这个年龄	女状元的爸爸谈教育	22	23	状元
我五点后空的	五点后	双方都不会放在心里	20	21	心里
他是知青子女正在读博士	知青子女	这是我的微博	19	22	这是我的
看样子这个年龄的男人很危险	这个年龄	对转基因的议论真的很多	21	24	对转基因
小弟弟最可怜才一个月	一个	新一轮的政治斗争又将开始	17	18	一轮
目录没什么要求把	什么要求	谁只有小腿高	19	18	nan
那在这个方面上我们能达成共识	这个方面	我们局里好几个单身一起去玩玩	27	28	几个
我上个月去找他了	上个月	他是纯爷们	17	19	纯爷们
化妆品可能占点空间会	点空间	计画不如变化快	20	21	如变
化妆品可能占点空间会	点空间	正好我现在一个同事有点心得	20	21	现在
我还得赶点东西	点东西	燃料电池的项目最近没有什么进展	19	24	项目最近没有
文科基本上生活中有点用	生活中	双方都不会放在心里	25	26	心里
我周日晚上走	周日晚上	只是个人没什么好处	19	19	什
一个人在家么	一个	新一轮的政治斗争又将开始	13	15	一轮的
半个月前我姨夫出车祸过世了	半个	新一轮的政治斗争又将开始	20	22	一轮的
我周日晚上走	周日晚上	利民经常干这种事情的	18	20	干这种
我也正在物色这方面的人才	这方面	文档里的是外置的吧	20	21	档里
燃料电池的项目最近没有什么进展	什么进展	关键是他的英语水平跟我一样	26	27	他的
目录没什么要求把	什么要求	送礼也是个技术活	21	20	nan
那我明天早上跟她说吧	明天早上	他们报了什么兴趣班	22	26	什么兴趣班
你该找个妹子了	个妹子	我知道莫路送卡了	19	11	nan
我是你同学	你同学	他通过电视认识我的	15	20	电视认识我的
你往我家打电话了	我家	那在这个方面上我们能达成共识	16	20	这个方面上
正好我现在一个同事有点心得	一个	我昨天走了一个半小时	24	25	一个
你手里的钱应该够了吧	你手	我们局里好几个单身一起去玩玩	21	26	几个单身一起
这游戏的价值比太低了	这游戏	看样子这个年龄的男人很危险	20	22	这个年
你不在一早上了	一早上	你是什么时候来	16	19	什么时候
我还得赶点东西	点东西	那你寒假什么打算	18	15	nan
你不在一早上了	一早上	他通过电视认识我的	17	22	电视认识我的
龙猫属于夜行动物	夜行动物	这个是小影院	19	21	小影院
你不在一早上了	一早上	利民经常干这种事情的	19	20	这种
这个是什么意思	什么意思	官二代富二代都在国外拿绿卡	19	26	二代都在国外拿绿
我们做弱电系统	弱电系统	这个啥意思	17	19	啥意思
我周日晚上走	周日晚上	我买了挺多肉丸的	20	21	丸的
你入市了几多钱	几多钱	你可以查查你们那边的	16	20	以查查你们
那我明天早上跟她说吧	明天早上	化妆品可能占点空间会	25	26	空间
这个男孩有些意向	些意向	这边的是从设备出来直接光纤连的	19	21	从设备
这个是什么意思	什么意思	全家除了鸡蛋基本都吃素了	9	2	nan
他们报了什么兴趣班	什么兴趣班	我准备了好长时间嗯	26	25	nan
俺弟一结婚我就没什么事了	什么事	你要给我客人的护照号码和名字	21	32	给我客人的护照号码和名字
孩子们去同学家过生日去了	同学家	你啥米专业	20	21	啥米
我们按这个标准交	这个标准	我跟我同事一起弄她的店	17	22	跟我同事一起
之前的一个硕士博士都留院了	一个	我昨天走了一个半小时	24	25	一个
这是你才华的发动机	你才华的发动机	我只知道法海无鞭	26	20	nan
你的光环是你自己的	你自己的	谁只有小腿高	20	19	nan
我是说手机信息	手机信息	你叫什么名字	17	20	什么名字
节奏可能跟外企的差不多	外企的	我跟我同事一起弄她的店	19	28	跟我同事一起弄她的店
徒弟只能做到这个程度	这个程度	她对你们都很熟悉的	19	21	对你们
丫头去了好几次	好几次	彩妆下一步	17	18	一步
你这周先别去	这周	俺弟一结婚我就没什么事了	14	21	一结婚我就没什么
孩子们去同学家过生日去了	同学家	现在我只加了电子病历的	19	26	现在我只加了电子
我买了挺多肉丸的	挺多肉丸	你问问销售的价格	20	21	售的
我们是泡沫的	泡沫的	全家除了鸡蛋基本都吃素了	20	20	本
我一直放低自己的底线	自己的底线	你肯定是一个好爸爸	23	24	一个
我跟我同事一起弄她的店	我同事	你在那公司里做过吧	20	23	那公司里
那你俩照什么主题	什么主题	这个要熊猫的那个	22	23	那个
我是你同学	你同学	我一直但是这个事情	17	18	这个
他是纯爷们	纯爷们	其他都是园林类的	12	13	其他
他们报了什么兴趣班	什么兴趣班	我只知道法海无鞭	24	18	nan
我们住哪个酒店	哪个酒店	女人对自己好点	18	21	自己好点
你可以查查你们那边的	你们那边的	我一直但是这个事情	24	25	这个
这个领导可能有领导的想法吧	领导的想法	我一直但是这个事情	27	28	这个
我还是坐周晨那儿	周晨那儿	那个超声喷雾做的是球形的	21	23	雾做的
下次他什么时候来	什么时候	那你还不就拿个提成	20	22	就拿个
灵感来自我师母	我师母	我只知道法海无鞭	20	14	nan
这个交通标识是什么意思	什么意思	我还有点佩服你师傅这样的人	28	26	nan
我们是泡沫的	泡沫的	我昨天走了一个半小时	18	21	一个半小
土地基金增强特区财政储备	特区财政储备	关键是税务能否动	29	28	nan
其实穷也是一种幸福	一种幸福	你看这个有没好点	19	21	这个有
那你喜欢什么样的	什么样的	官二代富二代都在国外拿绿卡	20	28	二代都在国外拿绿卡
现在我只加了电子病历的	电子病历	看样子这个年龄的男人很危险	22	24	这个年
下次他什么时候来	什么时候	我周六凌晨的飞机	20	21	晨的
女状元的爸爸谈教育	女状元	原来账户的钱不够了	16	20	原来账户的
我们做弱电系统	弱电系统	关键是税务能否动	22	21	nan
我们做弱电系统	弱电系统	我一直但是这个事情	20	21	这个
那小子赚了不少钱	不少钱	然后你把钱打到我的支付宝	22	23	我的
这恰恰说明了应试教育的好处	应试教育的好处	下次他什么时候来	24	30	下次他什么时候
我是你同学	你同学	我们住哪个酒店	15	13	nan
这恰恰说明了应试教育的好处	应试教育的好处	我要跟家长说说	26	29	跟家长说
我是说手机信息	手机信息	这个男孩有些意向	15	19	这个男孩有
正好我现在一个同事有点心得	点心得	徒弟只能做到这个程度	26	27	这个
这恰恰说明了应试教育的好处	应试教育的好处	她对你们都很熟悉的	25	27	对你们
我哪有什么关系	什么关系	我们每个人买了一个新秀丽的箱子	22	19	nan
我周日晚上走	周日晚上	我跟我同事一起弄她的店	19	24	一起弄她的店
我还是坐周晨那儿	周晨那儿	班长说你保养最好	22	18	nan
这恰恰说明了应试教育的好处	应试教育	对转基因的议论真的很多	21	24	对转基因
我们做弱电系统	弱电系统	老板应该是想你们回来	21	22	你们
他们报了什么兴趣班	什么兴趣班	你说他家有什么	20	22	他家有
他是换全新的	全新的	正好我现在一个同事有点心得	18	22	一个同事有
我们按这个标准交	这个标准	男人不差在别的地方	21	22	别的
我还是坐周晨那儿	周晨那儿	我觉得他那个驾校也有问题	20	23	那个驾校
燃料电池的项目最近没有什么进展	什么进展	那你喜欢什么样的	27	30	什么样的
你看社区地图	社区地图	到时候我给你们打电话	22	16	nan
你肯定是一个好爸爸	一个好爸爸	化妆品可能占点空间会	18	26	化妆品可能占点空间
她天天做你的	你的	提前批好像是公安之类的	20	22	之类的
附近有个民生银行	个民生银行	正好我现在一个同事有点心得	20	21	现在
我知道那个地方	那个地方	我买了挺多肉丸的	18	22	挺多肉丸的
我下个月去买车	下个月	你该找个妹子了	18	19	妹子
他是纯爷们	纯爷们	你往我家打电话了	17	18	电话
我买了挺多肉丸的	挺多肉丸	利民经常干这种事情的	21	22	这种
龙猫属于夜行动物	夜行动物	提前批好像是公安之类的	22	26	公安之类的
你不在一早上了	一早上	我知道莫路送卡了	19	11	nan
提前批好像是公安之类的	公安之类	我也正在物色这方面的人才	22	26	在物色这方
我们公司在搞什么二十周年庆	什么二十周年庆	海边离火车站很远	30	19	nan
她是个行政的主任	个行政的主任	那你俩照什么主题	22	19	nan
文科基本上生活中有点用	点用	这个是小影院	20	21	小影
然后你把钱打到我的支付宝	我的支付宝	我还得赶点东西	26	21	nan
丫头去了好几次	好几次	你肯定是一个好爸爸	18	19	一个
节奏可能跟外企的差不多	外企的	那是因为你自己这样觉得	21	20	nan
我知道那个地方	那个地方	我还在网上败但现在多在商场	22	27	现在多在商场
我们做弱电系统	弱电系统	这是我的微博	20	18	nan
思八达是不是离你家很近	你家	你在那公司里做过吧	19	22	那公司里
你想多少人	多少人	他也怕自己老了	15	18	自己老了
肥肉妹这把赚大了	这把	你在哪个医院	16	19	哪个医院
这个是什么意思	什么意思	我昨天走了一个半小时	20	21	一个
你要给我客人的护照号码和名字	客人的护照号码和名字	那你还要寄送什么推荐信	28	38	那你还要寄送什么推荐信
这游戏的价值比太低了	这游戏	女状元的爸爸谈教育	18	19	状元
你叫什么名字	什么名字	我在高铁上了	17	18	铁上
我买了挺多肉丸的	挺多肉丸	明天祥惜他也和我们一起看房子	20	24	他也和我们
我知道那个地方	那个地方	你说他家有什么	20	17	nan
这个是小影院	小影院	你叫什么名字	15	18	什么名字
我们是泡沫的	泡沫的	我跟我同事一起弄她的店	16	19	同事一起
我下个月去买车	下个月	我们是泡沫的	18	19	沫的
我周日晚上走	周日晚上	那你还是打印电子版的吧	20	21	电子
我买了这件	这件	俺弟一结婚我就没什么事了	13	21	一结婚我就没什么事
那你喜欢什么样的	什么样的	男人不差在别的地方	20	22	在别的
丫头去了好几次	好几次	小弟弟最可怜才一个月	21	23	一个月
这恰恰说明了应试教育的好处	应试教育的好处	你和我哥差不多大	25	27	和我哥
我没见过她老公	她老公	女人对自己好点	16	18	对自己
我以前唱烛光里的妈妈	烛光里的妈妈	只是人确实在某个时间段会很脆弱	26	29	某个时间
这就是贫富差距的显现	贫富差距	对转基因的议论真的很多	18	21	对转基因
现在我只加了电子病历的	电子病历的	计画不如变化快	21	11	nan
这是我的微博	我的微博	谁只有小腿高	18	16	nan
我跟他都做了酒店的英语测试	酒店的英语测试	关键是学校的成绩单不好印	28	28	校
龙猫属于夜行动物	夜行动物	这个领导可能有领导的想法吧	16	19	这个领导
你可以查查你们那边的	你们那边的	附近有个民生银行	19	21	附近有
我跟我同事一起弄她的店	我同事	你家里比我家里可能性大些列	23	24	家里
我就在你面前倚老卖老一次吧	一次	我昨天走了一个半小时	24	25	一个
这恰恰说明了应试教育的好处	应试教育的好处	我还在网上败但现在多在商场	26	28	在网上
我是说手机信息	手机信息	我跟他都做了酒店的英语测试	16	17	跟他
我们住哪个酒店	哪个酒店	灵感来自我师母	18	20	自我师
你要找天线供应商	天线供应商	我还是坐周晨那儿	22	21	nan
文科基本上生活中有点用	点用	我觉得他那个驾校也有问题	20	24	他那个驾校
目录没什么要求把	什么要求	我也不知道他们的投诉电话	21	22	他们
我哪有什么关系	什么关系	这个男孩有些意向	15	19	这个男孩有
我们公司在搞什么二十周年庆	什么二十周年庆	下次他什么时候来	24	30	下次他什么时候
她在跟她老公打电话	她老公	那在这个方面上我们能达成共识	18	24	这个方面上我们
我买了挺多肉丸的	挺多肉丸	我跟我同事一起弄她的店	21	26	一起弄她的店
我周日晚上走	周日晚上	明天祥惜他也和我们一起看房子	20	27	和我们一起看房子
大雪在圣诞的时候	圣诞的时候	我也正在物色这方面的人才	20	26	在物色这方面的
你在哪个医院	哪个医院	我还是坐周晨那儿	20	18	nan
这是一这是原则问题	原则问题	于是我更加关注这支球队	24	26	这支球
你和我哥差不多大	我哥	你家里比我家里可能性大些列	19	20	家里
我们按这个标准交	这个标准	她在跟她老公打电话	18	24	跟她老公打电话
这恰恰说明了应试教育的好处	应试教育的好处	她是个行政的主任	24	26	她是个
这游戏的价值比太低了	这游戏	我以前唱烛光里的妈妈	18	19	以前
你啥时来	啥时	你可以去其他地方测试一下	14	15	其他
他是换全新的	全新的	我其实很想他们说服我	14	18	其实很想他
你这周先别去	这周	我一直但是这个事情	17	18	这个
你看社区地图	社区地图	全家除了鸡蛋基本都吃素了	15	21	家除了鸡蛋基本
我们局里好几个单身一起去玩玩	我们局	你在那公司里做过吧	23	26	那公司里
你这几年过得好不饿	这几年	我觉得他那个驾校也有问题	20	23	那个驾校
目录没什么要求把	什么要求	你在网上看	17	19	在网上
我买了挺多肉丸的	挺多肉丸	他也怕自己老了	19	19	自
那我明天早上跟她说吧	明天早上	你叫什么名字	20	23	什么名字
龙猫属于夜行动物	夜行动物	附近有个民生银行	20	18	nan
这个领导可能有领导的想法吧	领导的想法	她在跟她老公打电话	24	30	跟她老公打电话
我们做弱电系统	弱电系统	其实穷也是一种幸福	15	21	其实穷也是一种
我准备了好长时间嗯	好长时间	你是什么时候来	19	22	什么时候
这就是贫富差距的显现	贫富差距	文档里的是外置的吧	19	21	档里的
那你还不就拿个提成	个提成	我们是泡沫的	20	21	沫的
我们做弱电系统	弱电系统	那你还不就拿个提成	19	21	就拿个
同质化竞争到底坑了谁的爹	谁的爹	只是个人没什么好处	24	27	什么好处
我是说手机信息	手机信息	文科基本上生活中有点用	22	19	nan
大雪在圣诞的时候	圣诞的时候	燃料电池的项目最近没有什么进展	22	27	项目最近没有
我有个重要问题那里有没有厕所	个重要问题	我买了挺多肉丸的	26	28	挺多肉
你可以查查你们那边的	你们那边	你手里的钱应该够了吧	18	21	你手里的
你叫什么名字	什么名字	送礼也是个技术活	19	11	nan
女状元的爸爸谈教育	女状元	这游戏的价值比太低了	16	19	这游戏的
我明天有健步走活动	健步走活动	你是什么时候来	20	23	什么时候
你的光环是你自己的	你自己的	然后你把钱打到我的支付宝	24	25	我的
我是说手机信息	手机信息	我知道莫路送卡了	20	21	送卡
那你请啥假	啥假	我哪有什么关系	14	17	什么关系
我还得赶点东西	点东西	你在网上看	16	17	网上
其他都是园林类的	园林类	对转基因的议论真的很多	15	18	对转基因
这个要熊猫的那个	熊猫的那个	这边的是从设备出来直接光纤连的	21	18	nan
土地基金增强特区财政储备	特区财政储备	你啥米专业	23	24	啥米
土地基金增强特区财政储备	特区财政储备	我要跟家长说说	25	27	家长说
那你请啥假	啥假	那你在群里说说	11	15	那你在群里
这个是什么意思	什么意思	这是你才华的发动机	15	20	这是你才华的
文科基本上生活中有点用	生活中	我以前唱烛光里的妈妈	19	20	以前
原来账户的钱不够了	原来账户	我以前唱烛光里的妈妈	18	19	以前
那你还要寄送什么推荐信	什么推荐信	他也怕自己老了	23	26	自己老了
我以前唱烛光里的妈妈	烛光里的妈妈	男人不差在别的地方	25	26	别的
我买了挺多肉丸的	挺多肉丸	计画不如变化快	19	20	如变
看样子这个年龄的男人很危险	这个年龄	这游戏的价值比太低了	21	24	这游戏的
忠厚保持到生命最后一刻	生命最后一刻	所以我才有其他想法	26	27	其他
化妆品可能占点空间会	点空间	她是个行政的主任	20	22	行政的
思八达是不是离你家很近	你家	那是因为你自己这样觉得	20	19	nan
那小子赚了不少钱	不少钱	我也正在物色这方面的人才	21	24	这方面的
我们做弱电系统	弱电系统	谁只有小腿高	18	19	小腿
我准备了好长时间嗯	好长时间	班长说你保养最好	20	20	你
我知道那个地方	那个地方	我也正在物色这方面的人才	21	24	这方面的
你看社区地图	社区地图	老板应该是想你们回来	20	21	你们
你看社区地图	社区地图	我还有点佩服你师傅这样的人	19	21	服你师
按照银行报表的销售额可以	银行报表	你手里的钱应该够了吧	20	23	你手里的
只是个人没什么好处	什么好处	我有同学在这儿	22	18	nan
你想多少人	多少人	你该找个妹子了	14	15	找个
那你喜欢什么样的	什么样的	于是我更加关注这支球队	23	24	这支
我基本每周都不走	每周	所以我才有其他想法	19	20	其他
我周日晚上走	周日晚上	下次他什么时候来	17	20	什么时候
女状元的爸爸谈教育	女状元	你手里的钱应该够了吧	16	18	你手里
按照银行报表的销售额可以	银行报表	女状元的爸爸谈教育	25	23	nan
龙猫属于夜行动物	夜行动物	化妆品可能占点空间会	22	24	点空间
女状元的爸爸谈教育	女状元	看样子这个年龄的男人很危险	19	21	这个年
我一直放低自己的底线	自己的底线	提前批好像是公安之类的	21	29	批好像是公安之类的
你这几年过得好不饿	这几年	只是人确实在某个时间段会很脆弱	22	25	某个时间
按照银行报表的销售额可以	银行报表	原来账户的钱不够了	20	24	原来账户的
那小子赚了不少钱	不少钱	忠厚保持到生命最后一刻	24	25	一刻
忠厚保持到生命最后一刻	生命最后一刻	再说你很多群友学生	24	28	很多群友学
按照银行报表的销售额可以	银行报表	对转基因的议论真的很多	20	23	对转基因
那你喜欢什么样的	什么样的	我四点从单位直接出发	19	24	从单位直接出
你入市了几多钱	几多钱	你在网上看	15	17	在网上
你在哪个医院	哪个医院	现在我只加了电子病历的	20	21	电子
你啥时来	啥时	你该找个妹子了	12	13	找个
你看社区地图	社区地图	你和我哥差不多大	21	20	nan
我买了挺多肉丸的	挺多肉丸	每天往返路程需要多长时间	20	27	路程需要多长时间
我们公司在搞什么二十周年庆	什么二十周年庆	我没见过她老公	15	19	什么二十周
你可以查查你们那边的	你们那边	这游戏的价值比太低了	18	21	这游戏的
你看社区地图	社区地图	我有同学在这儿	16	20	同学在这儿
然后你把钱打到我的支付宝	我的支付宝	这是我的微博	21	24	这是我的
孩子们去同学家过生日去了	同学家	这个是什么意思	22	25	什么意思
你想多少人	多少人	那你喜欢什么样的	12	13	那你
徒弟只能做到这个程度	这个程度	其实穷也是一种幸福	18	24	其实穷也是一种
每天往返路程需要多长时间	多长时间	我也正在物色这方面的人才	26	27	这方
我买了这件	这件	你叫什么名字	13	16	什么名字
这就是贫富差距的显现	贫富差距	你手里的钱应该够了吧	18	21	你手里的
看样子这个年龄的男人很危险	这个年龄	文档里的是外置的吧	15	23	这个年龄。[SEP]文档里
这就是贫富差距的显现	贫富差距	原来账户的钱不够了	18	22	原来账户的
那你喜欢什么样的	什么样的	我一直放低自己的底线	21	23	自己的
我发现你每天很有点无聊列	每天	你在哪个医院	19	21	在哪个
那你还要寄送什么推荐信	什么推荐信	我也不知道他们的投诉电话	25	26	他们
利民经常干这种事情的	这种事情	我们是泡沫的	22	23	沫的
每天往返路程需要多长时间	多长时间	正好我现在一个同事有点心得	25	26	一个
你啥时来	啥时	你在哪个医院	11	13	在哪个
你入市了几多钱	几多钱	你叫什么名字	16	19	什么名字
男人不差在别的地方	别的地方	我们按这个标准交	20	21	这个
这个男孩有些意向	些意向	谁只有小腿高	18	2	nan
然后你把钱打到我的支付宝	我的支付宝	我五点后空的	22	26	五点后空的
我不太好去她家做菜	她家	徒弟只能做到这个程度	21	22	这个
你可以查查你们那边的	你们那边的	忠厚保持到生命最后一刻	28	16	nan
我买了这件	这件	男人不差在别的地方	16	17	别的
我也不知道他们的投诉电话	他们的投诉电话	我周六凌晨的飞机	25	24	nan
我们住哪个酒店	哪个酒店	这恰恰说明了应试教育的好处	15	18	这恰恰说
下次他什么时候来	什么时候	我觉得他那个驾校也有问题	20	23	那个驾校
燃料电池的项目最近没有什么进展	什么进展	你要给我客人的护照号码和名字	34	36	和名字
肥肉妹这把赚大了	这把	我们公司在搞什么二十周年庆	22	25	二十周年
按照银行报表的销售额可以	银行报表的销售额	你家里比我家里可能性大些列	25	26	家里
我们按这个标准交	这个标准	那在这个方面上我们能达成共识	18	22	这个方面上
附近有个民生银行	个民生银行	明天祥惜他也和我们一起看房子	21	25	他也和我们
我们按这个标准交	这个标准	节奏可能跟外企的差不多	20	21	跟外
社会主义不止一条路	一条路	我们还不是可以自己活	23	24	自己
我买了挺多肉丸的	挺多肉丸	正好我现在一个同事有点心得	27	25	nan
你想多少人	多少人	我哪有什么关系	15	18	什么关系
你在那公司里做过吧	那公司	那在这个方面上我们能达成共识	18	22	这个方面上
忠厚保持到生命最后一刻	生命最后一刻	她在跟她老公打电话	23	29	跟她老公打电话
孩子们去同学家过生日去了	同学家	我从心里喜欢孩子的真	20	22	从心里
这游戏的价值比太低了	这游戏	你手里的钱应该够了吧	17	19	你手里
我都是用网络硬盘的	网络硬盘	我一直放低自己的底线	22	24	自己的
我知道那个地方	那个地方	女人对自己好点	18	21	自己好点
我就在你面前倚老卖老一次吧	一次	你肯定是一个好爸爸	23	24	一个
燃料电池的项目最近没有什么进展	燃料电池	女状元的爸爸谈教育	24	25	状元
孩子们去同学家过生日去了	同学家	我跟你们讲过的	20	22	跟你们
肥肉妹这把赚大了	这把	燃料电池的项目最近没有什么进展	19	24	项目最近没有
我们是泡沫的	泡沫的	明天祥惜他也和我们一起看房子	19	26	和我们一起看房子
我们每个人买了一个新秀丽的箱子	一个新秀丽的箱子	这个是小影院	27	28	这个
女状元的爸爸谈教育	女状元	我也正在物色这方面的人才	22	21	nan
利民经常干这种事情的	这种事情	灵感来自我师母	21	23	自我师
我们是泡沫的	泡沫的	那个超声喷雾做的是球形的	18	20	雾做的
他是纯爷们	纯爷们	关键是他的英语水平跟我一样	21	22	跟我
龙猫属于夜行动物	夜行动物	我买了挺多肉丸的	19	23	挺多肉丸的
我对她高中都没什么印象	什么印象	龙猫属于夜行动物	25	26	动物
燃料电池的项目最近没有什么进展	什么进展	那你还要寄送什么推荐信	23	33	那你还要寄送什么推荐信
我还得赶点东西	点东西	关键是人家为什么放手	19	21	为什么
下次他什么时候来	什么时候	附近有个民生银行	22	18	nan
你这周先别去	这周	他们报了什么兴趣班	16	13	nan
那你还是打印电子版的吧	电子版的	计画不如变化快	20	16	nan
只是人确实在某个时间段会很脆弱	某个时间段	我跟我同事一起弄她的店	25	30	跟我同事一起
徒弟只能做到这个程度	这个程度	我其实很想他们说服我	19	23	其实很想他
我是说手机信息	手机信息	我觉得他那个驾校也有问题	19	22	那个驾校
我没见过她老公	她老公	他是纯爷们	16	18	纯爷们
那你还不就拿个提成	个提成	你往我家打电话了	21	22	电话
龙猫属于夜行动物	夜行动物	我五点后空的	18	21	点后空的
只是人确实在某个时间段会很脆弱	某个时间段	你家里比我家里可能性大些列	25	26	家里
我明天有健步走活动	健步走活动	目录没什么要求把	21	21	什
这是你才华的发动机	你才华的发动机	我对她高中都没什么印象	21	29	对她高中都没什么印
附近有个民生银行	个民生银行	海边离火车站很远	19	21	离火车
化妆品可能占点空间会	点空间	那是因为你自己这样觉得	20	19	nan
现在我只加了电子病历的	电子病历的	女人对自己好点	23	26	自己好点
你该找个妹子了	个妹子	我买了挺多肉丸的	17	21	挺多肉丸的
我都是用网络硬盘的	网络硬盘	那你俩照什么主题	21	18	nan
这就是贫富差距的显现	贫富差距的显现	你看俺弟黑的	23	26	俺弟黑的
按照银行报表的销售额可以	银行报表的销售额	那在这个方面上我们能达成共识	24	30	那在这个方面上
我们每个人买了一个新秀丽的箱子	一个新秀丽的箱子	你往我家打电话了	32	33	电话
附近有个民生银行	个民生银行	这个是小影院	17	21	这个是小影
其他都是园林类的	园林类	你手里的钱应该够了吧	15	18	你手里的
思八达是不是离你家很近	你家	只是人确实在某个时间段会很脆弱	22	26	在某个时间
我准备了好长时间嗯	好长时间	我是你同学	20	21	同学
他是知青子女正在读博士	知青子女	我其实很想他们说服我	20	25	其实很想他们
他是换全新的	全新的	关键是税务能否动	20	19	nan
这个领导可能有领导的想法吧	领导的想法	你可以去其他地方测试一下	26	27	其他
文科基本上生活中有点用	点用	我要跟家长说说	19	22	跟家长说
你和我哥差不多大	我哥	你在那公司里做过吧	16	19	那公司里
那我明天早上跟她说吧	明天早上	目录没什么要求把	21	21	什
现在我只加了电子病历的	电子病历	我以前唱烛光里的妈妈	20	25	以前唱烛光里
所以我才有其他想法	其他想法	他也怕自己老了	20	17	nan
我周日晚上走	周日晚上	再说你很多群友学生	17	18	很多
其他都是园林类的	园林类的	我爱人办完事会跟你们联系	23	25	跟你们
我一直放低自己的底线	自己的底线	你那边现在几点	24	21	nan
男人不差在别的地方	别的地方	那在这个方面上我们能达成共识	24	25	我们
肥肉妹这把赚大了	这把	你是什么时候来	16	19	什么时候
他是换全新的	全新的	我知道那个地方	16	19	那个地方
我发现你每天很有点无聊列	每天	男人不差在别的地方	22	24	在别的
下次他什么时候来	什么时候	这个是什么意思	19	22	什么意思
所以我才有其他想法	其他想法	你看俺弟黑的	18	22	看俺弟黑的
男人不差在别的地方	别的地方	那是因为你自己这样觉得	20	19	nan
我们做弱电系统	弱电系统	那你俩照什么主题	19	21	什么主
然后你把钱打到我的支付宝	我的支付宝	现在我只加了电子病历的	21	28	现在我只加了电子
我买了挺多肉丸的	挺多肉丸	全家除了鸡蛋基本都吃素了	18	21	除了鸡蛋
我基本每周都不走	每周	燃料电池的项目最近没有什么进展	19	24	项目最近没有
你往我家打电话了	我家	我跟我同事一起弄她的店	19	20	一起
大雪在圣诞的时候	圣诞的时候	这个是什么意思	20	23	什么意思
你可以查查你们那边的	你们那边的	我是你同学	22	21	nan
文科基本上生活中有点用	点用	化妆品可能占点空间会	22	25	占点空间
其他都是园林类的	园林类的	男人不差在别的地方	20	22	在别的
只是人确实在某个时间段会很脆弱	某个时间段	那是因为你自己这样觉得	29	26	nan
俺弟一结婚我就没什么事了	什么事	我还在网上败但现在多在商场	26	31	现在多在商场
他是换全新的	全新的	他也怕自己老了	16	19	自己老了
我周四晚火车	周四晚	女人对自己好点	16	19	自己好点
这恰恰说明了应试教育的好处	应试教育	我也正在物色这方面的人才	27	26	nan
我以前唱烛光里的妈妈	烛光里的妈妈	你是什么时候来	22	25	什么时候
节奏可能跟外企的差不多	外企的	按照银行报表的销售额可以	27	24	nan
我现在一身汗	一身	我昨天走了一个半小时	17	18	一个
我五点后空的	五点后	我就在你面前倚老卖老一次吧	20	18	nan
我买了这件	这件	这个交通标识是什么意思	18	21	什么意思
我下个月去买车	下个月	男人不差在别的地方	19	20	别的
那你还要寄送什么推荐信	什么推荐信	我一直放低自己的底线	25	28	自己的底
你可以去其他地方测试一下	其他地方	我是你同学	23	20	nan
大雪在圣诞的时候	圣诞的时候	全家除了鸡蛋基本都吃素了	18	24	家除了鸡蛋基本
这个男孩有些意向	些意向	正好我现在一个同事有点心得	20	21	一个
你可以查查你们那边的	你们那边的	那你还不就拿个提成	23	25	就拿个
我们按这个标准交	这个标准	那是因为你自己这样觉得	21	18	nan
你该找个妹子了	个妹子	她对你们都很熟悉的	19	22	很熟悉的
你要找天线供应商	天线供应商	我们还不是可以自己活	24	24	自
文科基本上生活中有点用	生活中	行李放在车上	21	23	在车上
你肯定是一个好爸爸	一个好爸爸	那你喜欢什么样的	22	25	什么样的
我有个重要问题那里有没有厕所	个重要问题	现在我只加了电子病历的	23	26	现在我只
你在哪个医院	哪个医院	这个是小影院	14	15	这个
送礼也是个技术活	个技术活	灵感来自我师母	19	21	自我师
你家里比我家里可能性大些列	我家里	节奏可能跟外企的差不多	24	27	跟外企的
我以前唱烛光里的妈妈	烛光里的妈妈	我要跟家长说说	22	26	跟家长说说
你在哪个医院	哪个医院	我要跟家长说说	16	19	跟家长说
那你喜欢什么样的	什么样的	女人对自己好点	19	21	自己好
利民经常干这种事情的	这种事情	你叫什么名字	20	23	什么名字
这就是贫富差距的显现	贫富差距	女状元的爸爸谈教育	22	20	nan
忠厚保持到生命最后一刻	生命最后一刻	这个要熊猫的那个	27	28	那个
你叫什么名字	什么名字	那你还要寄送什么推荐信	20	24	什么推荐信
你在哪个医院	哪个医院	然后你把钱打到我的支付宝	21	22	我的
土地基金增强特区财政储备	特区财政储备	他们报了什么兴趣班	22	23	他们
我一直但是这个事情	这个事情	你那边现在几点	22	21	nan
只是人确实在某个时间段会很脆弱	某个时间段	那在这个方面上我们能达成共识	26	27	这个
我买了挺多肉丸的	挺多肉丸	我知道那个地方	19	20	那个
那你还是打印电子版的吧	电子版的	正好我现在一个同事有点心得	22	28	现在一个同事有
他不管这些子事	这些子事	我对她高中都没什么印象	19	24	中都没什么印
你不在一早上了	一早上	你看这个有没好点	16	18	这个有
然后你把钱打到我的支付宝	我的支付宝	我从心里喜欢孩子的真	22	24	从心里
我发现你每天很有点无聊列	每天	目录没什么要求把	21	21	什
社会主义不止一条路	一条路	我其实很想他们说服我	17	21	其实很想他
利民经常干这种事情的	这种事情	她对你们都很熟悉的	19	21	对你们
你入市了几多钱	几多钱	我是你同学	17	18	同学
灵感来自我师母	我师母	我还得赶点东西	20	14	nan
我们做弱电系统	弱电系统	我哪有什么关系	18	21	什么关系
我知道那个地方	那个地方	再说你很多群友学生	18	21	很多群友
这恰恰说明了应试教育的好处	应试教育的好处	这是你才华的发动机	24	26	这是你
我们每个人买了一个新秀丽的箱子	一个	我昨天走了一个半小时	26	27	一个
我们住哪个酒店	哪个酒店	到时候我给你们打电话	19	21	给你们
这恰恰说明了应试教育的好处	应试教育的好处	那你还是打印电子版的吧	24	31	那你还是打印电子
我下个月去买车	下个月	我其实很想他们说服我	15	19	其实很想他
文科基本上生活中有点用	点用	我是你同学	20	21	同学
你这几年过得好不饿	这几年	你叫什么名字	18	21	什么名字
他们报了什么兴趣班	什么兴趣班	现在我只加了电子病历的	24	25	电子
按照银行报表的销售额可以	银行报表的销售额	她在跟她老公打电话	26	32	跟她老公打电话
这是我的微博	我的微博	利民经常干这种事情的	18	20	干这种
我周日晚上走	周日晚上	我们按这个标准交	17	18	这个
我也不知道他们的投诉电话	他们的投诉电话	这个得往单位发	23	28	这个得往单位
她是个行政的主任	个行政的主任	我知道莫路送卡了	22	24	路送卡
提前批好像是公安之类的	公安之类	文档里的是外置的吧	20	21	档里
他们报了什么兴趣班	什么兴趣班	只是个人没什么好处	23	26	什么好处
那你还不就拿个提成	个提成	只是个人没什么好处	21	19	nan
我没见过她老公	她老公	那你在群里说说	14	18	那你在群里
这个男孩有些意向	些意向	你在那公司里做过吧	17	20	那公司里
你往我家打电话了	我家	节奏可能跟外企的差不多	18	21	跟外企的
我明天有健步走活动	健步走活动	官二代富二代都在国外拿绿卡	22	29	二代都在国外拿绿
按照银行报表的销售额可以	银行报表	这游戏的价值比太低了	20	23	这游戏的
你和我哥差不多大	我哥	节奏可能跟外企的差不多	18	21	跟外企的
所以我才有其他想法	其他想法	我只知道法海无鞭	22	17	nan
目录没什么要求把	什么要求	忠厚保持到生命最后一刻	25	26	一刻
原来账户的钱不够了	原来账户	这游戏的价值比太低了	17	20	这游戏的
我不知道上次你看了群聊记录没	群聊记录	我们公司在搞什么二十周年庆	30	33	二十周年
他们住一楼	一楼	这边的是从设备出来直接光纤连的	15	18	从设备出
我们住哪个酒店	哪个酒店	我一直但是这个事情	20	21	这个
那我明天早上跟她说吧	明天早上	她对你们都很熟悉的	19	21	对你们
这个要熊猫的那个	熊猫的那个	利民经常干这种事情的	22	23	这种
我们按这个标准交	这个标准	你在那公司里做过吧	18	21	那公司里
我这次给了名字的	这次	我知道那个地方	17	20	那个地方
她在跟她老公打电话	她老公	按照银行报表的销售额可以	25	21	nan
附近有个民生银行	个民生银行	你在那公司里做过吧	19	22	那公司里
我们做弱电系统	弱电系统	其他都是园林类的	15	16	其他
这恰恰说明了应试教育的好处	应试教育	文档里的是外置的吧	22	23	档里
我们住哪个酒店	哪个酒店	机会是你自己错失滴	19	21	自己错
我不太好去她家做菜	她家	你该找个妹子了	17	20	找个妹子
你入市了几多钱	几多钱	现在早教比大学贵	15	21	在早教比大学贵
他们报了什么兴趣班	什么兴趣班	我们住哪个酒店	21	24	哪个酒店
那你还不就拿个提成	个提成	燃料电池的项目最近没有什么进展	21	26	项目最近没有
节奏可能跟外企的差不多	外企的	你家里比我家里可能性大些列	22	24	我家里
你看社区地图	社区地图	那你还是打印电子版的吧	14	21	那你还是打印电子
我是你同学	你同学	我以前唱烛光里的妈妈	13	18	以前唱烛光里
我是说手机信息	手机信息	附近有个民生银行	19	18	nan
我跟我同事一起弄她的店	她的店	关键是人家为什么放手	23	21	nan
那你还要寄送什么推荐信	什么推荐信	这个男孩有些意向	20	24	这个男孩有
目录没什么要求把	什么要求	我四点从单位直接出发	19	24	从单位直接出
他们报了什么兴趣班	什么兴趣班	那你在群里说说	20	22	在群里
所以我才有其他想法	其他想法	这个领导可能有领导的想法吧	17	20	这个领导
利民经常干这种事情的	这种事情	每天往返路程需要多长时间	18	29	每天往返路程需要多长时间
节奏可能跟外企的差不多	外企的	她在跟她老公打电话	19	26	在跟她老公打电话
你和我哥差不多大	我哥	那在这个方面上我们能达成共识	16	20	这个方面上
这个是什么意思	什么意思	你在那公司里做过吧	17	20	那公司里
你要给我客人的护照号码和名字	客人的护照号码和名字	班长说你保养最好	34	25	nan
下午点的就可以	下午点	女状元的爸爸谈教育	18	17	nan
你这几年过得好不饿	这几年	利民经常干这种事情的	21	22	这种
我跟我同事一起弄她的店	她的店	男人不差在别的地方	22	24	在别的
这样的说法也震动了我们那个政府	我们那个政府	你的光环是你自己的	31	33	自己的
我买了这件	这件	我们按这个标准交	14	15	这个
你该找个妹子了	个妹子	我昨天走了一个半小时	19	20	一个
她天天做你的	你的	这恰恰说明了应试教育的好处	12	22	这恰恰说明了应试教育的
那你俩照什么主题	什么主题	这个啥意思	18	20	啥意思
我基本每周都不走	每周	那你寒假什么打算	14	15	那你
我准备了好长时间嗯	好长时间	我们是泡沫的	20	22	泡沫的
大雪在圣诞的时候	圣诞的时候	你在哪个医院	19	20	哪个
我五点后空的	五点后	我妈在家里做也很受欢迎	20	17	nan
附近有个民生银行	个民生银行	你的光环是你自己的	23	25	自己的
我跟我同事一起弄她的店	她的店	你看俺弟黑的	19	23	看俺弟黑的
这是一这是原则问题	原则问题	你在网上看	19	20	网上
文科基本上生活中有点用	点用	那你在群里说说	19	21	在群里
龙猫属于夜行动物	夜行动物	那说明驱动没装好	16	17	那说
我是说手机信息	手机信息	大雪在圣诞的时候	15	22	大雪在圣诞的时候
我买了挺多肉丸的	挺多肉丸	我跟他都做了酒店的英语测试	17	18	跟他
我们是泡沫的	泡沫的	那是因为你自己这样觉得	18	21	自己这样
那小子赚了不少钱	不少钱	正好我现在一个同事有点心得	20	24	一个同事有
我买了这件	这件	我觉得他那个驾校也有问题	15	18	那个驾校
我们做弱电系统	弱电系统	他也怕自己老了	18	21	自己老了
你是什么时候来	什么时候	我知道那个地方	18	21	那个地方
肥肉妹这把赚大了	这把	男人不差在别的地方	19	20	别的
你的光环是你自己的	你自己的	到时候我给你们打电话	22	23	你们
这个交通标识是什么意思	什么意思	这边的是从设备出来直接光纤连的	23	26	从设备出
你这几年过得好不饿	这几年	我知道那个地方	19	20	那个
这恰恰说明了应试教育的好处	应试教育的好处	你往我家打电话了	26	30	我家打电话
你可以查查你们那边的	你们那边	我以前唱烛光里的妈妈	19	20	以前
所以我才有其他想法	其他想法	关键是他的英语水平跟我一样	26	20	nan
他是换全新的	全新的	这个男孩有些意向	13	17	这个男孩有
他是换全新的	全新的	那你还是打印电子版的吧	19	20	电子
你看社区地图	社区地图	于是我更加关注这支球队	20	22	注这支
按照银行报表的销售额可以	银行报表	我也正在物色这方面的人才	26	29	这方面的
那我明天早上跟她说吧	明天早上	这边的是从设备出来直接光纤连的	22	32	从设备出来直接光纤连的
提前批好像是公安之类的	公安之类	原来账户的钱不够了	19	23	原来账户的
你想多少人	多少人	这个啥意思	14	16	啥意思
他是换全新的	全新的	这边的是从设备出来直接光纤连的	17	20	从设备出
你肯定是一个好爸爸	一个好爸爸	徒弟只能做到这个程度	24	25	这个
你该找个妹子了	个妹子	目录没什么要求把	17	21	什么要求把
那我明天早上跟她说吧	明天早上	我没见过她老公	23	18	nan
所以我才有其他想法	其他想法	我昨天走了一个半小时	22	19	nan
只是人确实在某个时间段会很脆弱	某个时间段	你在那公司里做过吧	26	29	那公司里
这个领导可能有领导的想法吧	领导的想法	我对她高中都没什么印象	26	31	中都没什么印
他们报了什么兴趣班	什么兴趣班	女人对自己好点	21	24	自己好点
她在跟她老公打电话	她老公	我跟我同事一起弄她的店	17	26	跟我同事一起弄她的店
附近有个民生银行	个民生银行	全家除了鸡蛋基本都吃素了	17	21	全家除了鸡
你入市了几多钱	几多钱	他们报了什么兴趣班	14	15	他们
我们是泡沫的	泡沫的	我有同学在这儿	18	19	这儿
他们报了什么兴趣班	什么兴趣班	我跟你们讲过的	19	21	跟你们
他们住一楼	一楼	这个是小影院	11	12	这个
毒狗的分身有持续时间么	持续时间	于是我更加关注这支球队	26	27	这支
我五点后空的	五点后	你在那公司里做过吧	15	18	那公司里
按照银行报表的销售额可以	银行报表的销售额	只是人确实在某个时间段会很脆弱	30	33	某个时间
我还是坐周晨那儿	周晨那儿	海边离火车站很远	22	21	nan
其实穷也是一种幸福	一种幸福	龙猫属于夜行动物	23	24	动物
附近有个民生银行	个民生银行	其他都是园林类的	17	18	其他
你可以查查你们那边的	你们那边的	龙猫属于夜行动物	25	26	动物
你该找个妹子了	个妹子	化妆品可能占点空间会	20	22	点空间
丫头去了好几次	好几次	我们每个人买了一个新秀丽的箱子	21	28	一个新秀丽的箱子
我们住哪个酒店	哪个酒店	关键是税务能否动	22	21	nan
思八达是不是离你家很近	你家	按照银行报表的销售额可以	26	22	nan
这就是贫富差距的显现	贫富差距的显现	这个要熊猫的那个	27	28	那个
你就给她发一条吧里还说清楚	一条	社会主义不止一条路	26	27	条路
这个是什么意思	什么意思	机会是你自己错失滴	19	21	自己错
那你俩照什么主题	什么主题	我四点从单位直接出发	19	21	从单位
节奏可能跟外企的差不多	外企的	只是人确实在某个时间段会很脆弱	24	27	某个时间
这是我的微博	我的微博	这个啥意思	16	18	啥意思
那我明天早上跟她说吧	明天早上	我是你同学	21	20	nan
那我明天早上跟她说吧	明天早上	这个男孩有些意向	18	22	这个男孩有
我没见过她老公	她老公	那你喜欢什么样的	18	21	什么样的
我没见过她老公	她老公	我还得赶点东西	19	14	nan
他们报了什么兴趣班	什么兴趣班	这个交通标识是什么意思	25	28	什么意思
我都是用网络硬盘的	网络硬盘	我在高铁上了	20	21	铁上
这是你才华的发动机	你才华的发动机	那你俩照什么主题	24	21	nan
你可以去其他地方测试一下	其他地方	那你还不就拿个提成	24	26	就拿个
你问问销售的价格	销售的价格	所以我才有其他想法	22	21	nan
文科基本上生活中有点用	点用	提前批好像是公安之类的	19	18	nan
思八达是不是离你家很近	你家	男人不差在别的地方	21	21	在
下次他什么时候来	什么时候	我四点从单位直接出发	19	24	从单位直接出
你看社区地图	社区地图	这个男孩有些意向	14	18	这个男孩有
他们报了什么兴趣班	什么兴趣班	那你还要寄送什么推荐信	24	28	什么推荐信
文科基本上生活中有点用	点用	你可以查查你们那边的	19	23	以查查你们
你的光环是你自己的	你自己的	灵感来自我师母	20	22	自我师
你肯定是一个好爸爸	一个好爸爸	关键是学校的成绩单不好印	25	22	nan
按照银行报表的销售额可以	银行报表的销售额	男人不差在别的地方	28	30	在别的
附近有个民生银行	个民生银行	所以我才有其他想法	22	23	其他
你要找天线供应商	天线供应商	节奏可能跟外企的差不多	21	24	跟外企的
你看社区地图	社区地图	其实穷也是一种幸福	14	20	其实穷也是一种
你啥时来	啥时	忠厚保持到生命最后一刻	19	20	一刻
其他都是园林类的	园林类	这游戏的价值比太低了	15	18	这游戏的
这恰恰说明了应试教育的好处	应试教育	这游戏的价值比太低了	21	24	这游戏的
我周日晚上走	周日晚上	其实穷也是一种幸福	19	20	一种
提前批好像是公安之类的	公安之类的	我还是坐周晨那儿	26	24	nan
每天往返路程需要多长时间	多长时间	我觉得他那个驾校也有问题	23	27	他那个驾校
他是知青子女正在读博士	知青子女	关键是他的英语水平跟我一样	28	23	nan
你啥时来	啥时	灵感来自我师母	13	15	自我师
文科基本上生活中有点用	生活中	我妈在家里做也很受欢迎	20	22	在家里
我发现你每天很有点无聊列	每天	我一直但是这个事情	23	26	这个事情
化妆品可能占点空间会	点空间	我们公司在搞什么二十周年庆	25	27	二十周
我一直放低自己的底线	自己的底线	我们是泡沫的	22	24	泡沫的
这游戏的价值比太低了	这游戏	对转基因的议论真的很多	17	20	对转基因
我明天有健步走活动	健步走活动	我在高铁上了	19	22	在高铁上
我昨天走了一个半小时	一个半小时	然后你把钱打到我的支付宝	26	28	我的支
目录没什么要求把	什么要求	她是个行政的主任	20	21	政的
所以我才有其他想法	其他想法	正好我现在一个同事有点心得	20	21	现在
我们是泡沫的	泡沫的	大雪在圣诞的时候	13	20	大雪在圣诞的时候
这游戏的价值比太低了	这游戏	文档里的是外置的吧	18	24	档里的是外置的
我还是坐周晨那儿	周晨那儿	我昨天走了一个半小时	21	22	一个
龙猫属于夜行动物	夜行动物	你可以查查你们那边的	18	22	以查查你们
肥肉妹这把赚大了	这把	他们报了什么兴趣班	18	22	什么兴趣班
提前批好像是公安之类的	公安之类的	你说他家有什么	22	24	他家有
这个要熊猫的那个	熊猫的那个	关键是学校的成绩单不好印	13	21	那个。[SEP]关键是学校
女状元的爸爸谈教育	女状元	对转基因的议论真的很多	16	19	对转基因
化妆品可能占点空间会	点空间	你要给我客人的护照号码和名字	19	30	给我客人的护照号码和名字
你问问销售的价格	销售的价格	计画不如变化快	20	21	如变
这个领导可能有领导的想法吧	领导的想法	我们按这个标准交	25	26	这个
我们是泡沫的	泡沫的	你可以查查你们那边的	20	21	那边
这个是小影院	小影院	关键是学校的成绩单不好印	20	17	nan
节奏可能跟外企的差不多	外企的	男人不差在别的地方	22	24	在别的
